               epoch,      train/box_loss,      train/obj_loss,      train/cls_loss,   metrics/precision,      metrics/recall,     metrics/mAP_0.5,metrics/mAP_0.5:0.95,        val/box_loss,        val/obj_loss,        val/cls_loss,               x/lr0,               x/lr1,               x/lr2
                   0,            0.082039,            0.034451,                   0,           0.0056356,                   1,           0.0058187,           0.0011637,            0.027417,            0.027474,                   0,                   0,                   0,                 0.1
                   1,            0.072466,            0.031573,                   0,           0.0046924,                   1,           0.0052094,           0.0010419,            0.027546,            0.026428,                   0,           9.967e-05,           9.967e-05,              0.0991
                   2,            0.084925,            0.027586,                   0,           0.0049227,                   1,            0.004975,            0.000995,            0.027871,            0.026182,                   0,          0.00019868,          0.00019868,            0.098199
                   3,            0.079072,            0.034231,                   0,           0.0047062,                   1,           0.0049257,          0.00098515,              0.0285,            0.025897,                   0,          0.00029703,          0.00029703,            0.097297
                   4,            0.080448,            0.031433,                   0,           0.0049139,                   1,           0.0049257,          0.00098515,            0.028793,            0.025668,                   0,          0.00039472,          0.00039472,            0.096395
                   5,            0.079911,            0.032205,                   0,            0.004586,                   1,            0.004975,           0.0014925,            0.029026,            0.025444,                   0,          0.00049175,          0.00049175,            0.095492
